Name,Address,type,Phone,Website,Parents.time.out,Drop.in.care,latitude,longitude
Airbound Trampoline Park,"4215 W Gate City Blvd, Greensboro, NC 27407",Trampoline Park, (336) 355-1585,https://airboundpark.com/greensboro/,,1,36.03694637,-79.86159566
BounceU Charlotte - Matthews,"9129 Monroe Rd #145, Charlotte, NC 28270",Gym,(980) 321-7881,https://www.bounceu.com/matthews-nc/,1,,35.14655976,-80.74407806
Bumble Brews,"1028 Oberlin Rd Ste 242, Raleigh, NC 27605",Cafe_restaurant,919-424-7142,https://www.bumblebrews.fun/menus/,,1,35.79723728,-78.66016841
Fun City Indoor Playground,"3551 Lackey St, Lumberton, NC 28360",Indoor playground,(910) 370-0720,https://www.facebook.com/people/Fun-City-Lumberton/100084554619842/,1,,34.64573483,-79.01477666
Funtown Play Cafe,"4555 Charlotte Hwy Ste 19, Clover, SC 29710",Indoor playground,(803) 810-6500,https://www.funtown-playcafe.com,1,,35.1155558,-81.05712336
God's Blessings Before & Afterschool Care & Childcare,"6621Beatties, Ford Rd, Charlotte, NC 28216",Childcare, (704) 275-1941,https://gbschildcare.com,1,,35.32371984,-80.8663399
Kaleideum,400 W Hanes Mill Rd Winston Salem NC 27105,Museum,(336) 723-9111,https://www.kaleideum.org,1,1,36.18463641,-80.28206748
Kiddie Cove,"3515 W HWY 74 Suite F Monroe, NC 28110",Childcare,(704)635-7041,https://kiddiecovenc.com/programs,1,,35.03006731,-80.59136667
Lemon Rose Play Cafe,"6886 Beach Dr. SW Ocean Isle Beach, NC 28469",Indoor playground,(910) 616-8709,https://www.facebook.com/lemonroseplaycafe/,1,,33.8994976,-78.46624609
Moments of Fun Drop-In Childcare,"11025 Monroe Rd Unit H Matthews, NC 28105",Childcare,704-246-6117,https://www.momentsoffuncare.com,1,,35.124361,-80.728601
PlayFunParty Fayetteville,"4902 Yadkin Rd Suite 200, Fayetteville, NC 28303",Indoor playground,(910) 339-6451,http://www.playfunparty.com,1,,35.08213006,-78.96483134
PlayFunParty Fuquay Vari,"2908 N Main St #100, Fuquay-Vari, NC 27526",Indoor playground,(919) 346-1014,http://www.playfunparty.com,1,,35.61651185,-78.7346652
Playland Indoor Playground & Cafe ,"11812 Caroli Pl Pkwy, Pineville, NC 28134",Indoor playground, (704) 900-7581,https://www.playhouseplaycafe.com,1,,35.07371545,-80.8804791
Plum Krazy Play,"2616 E Main St, Lincolnton, NC 28092",Indoor playground,(704) 240-4449,https://plumkrazyplay.com,1,,35.48150367,-81.20737651
Pollywog’s Play Pad,"160 Suite G Pinehurst Avenue, Southern Pines 28387",Indoor playground,910-704-9881,https://www.pollywogsplaypad.com,1,,35.15922337,-79.41443999
Romp n' Roll,"10020 Edison Square NW, Ste. 201 / 202, Concord, NC 28027",Indoor playground,980-981-6616,https://rompnroll.com,1,,35.40210293,-80.75997351
Romp n' Roll,"6210 Plantation Center Drive Suite 101, Raleigh, NC 27616",Indoor playground,919-615-0819,https://rompnroll.com,1,,35.87186609,-78.58342493
Romp n' Roll,"3611 Mt Holly-Huntersville Rd Suite 207, Charlotte, NC 28216",Indoor playground,704-837-0806,https://rompnroll.com,1,,35.325089,-80.946328
The Baby Bar,"1500 Mill St #106, Greensboro, NC 27408",Indoor playground, (336) 485-8237,https://www.thebabybargreensboro.com,,1,36.0885708,-79.81160798
The Bunny Hive Charlotte,"1207 East Blvd, Charlotte, NC 28203",Indoor playground, (704) 877-5576,https://thebunnyhive.com/charlotte,,1,35.20340065,-80.84651584
The Cub House Play Cafe,"1621 NC-42, Clayton, NC 27520",Indoor playground,(919) 585-2066,https://cubhouseplayspace.com,1,,35.64678397,-78.41395085
Ultimate Kids - Home of Tumblebees,"6904 Downwind Road, Greenboro, NC",Gym,336-665-0662,https://ultimate-kids.com,1,,36.08208263,-79.92778099
Urban Air Trampoline and Adventure Park,"2051 Skibo Rd Fayetteville, North Caroli 28314",Trampoline Park,(910) 218-0502,https://www.urbair.com/north-caroli-fayetteville/,,1,35.05513555,-78.97250024
Uwharrie Play Oasis,"805 N 1st Street Albemarle, NC 28001",Indoor playground, (704) 550-5206,https://linktr.ee/uwharrieplayoasis,1,,35.36312499,-80.19872802
HARRIS YMCA,"5900 Quail Hollow Rd Charlotte, NC 28210",YMCA,,https://www.ymcacharlotte.org/programs/childcare-education/drop-off-childcare/kids-morning-out,1,1,35.13305311,-80.83911066
LAKE NORMAN YMCA,"21300 Davidson St Cornelius, NC 28031",YMCA,,https://www.ncymcas.org/locations?type=branches&amenities,1,1,35.49341004,-80.85987036
LOWE'S YMCA,"170 Joe Knox Ave Mooresville, NC 28117",YMCA,,https://www.ymcacharlotte.org/branches/lowes,1,1,35.59140559,-80.8756832
MORRISON FAMILY YMCA,"9405 Bryant Farms Rd Charlotte, NC 28277",YMCA,,https://www.ymcacharlotte.org/branches/morrison/amenities,1,1,35.045741,-80.82480468
BRACE FAMILY YMCA,"3127 Weddington Road Matthews, NC 28105",YMCA,,https://www.ymcacharlotte.org/branches/brace-family,1,1,35.08510313,-80.73119486
Camp Thunderbird,"1 Thunderbird Ln Lake Wylie, SC 29710",YMCA,,https://www.ymcacharlotte.org/programs/childcare-education/drop-off-childcare/kids-night-out,1,1,35.108998,-81.047364
HARRIS YMCA,"5900 Quail Hollow Rd Charlotte, NC 28210",YMCA,,https://www.ymcacharlotte.org/programs/childcare-education/drop-off-childcare/kids-night-out,1,1,35.13305311,-80.83911066
LAKE NORMAN YMCA,"21300 Davidson St Cornelius, NC 28031",YMCA,,https://www.ymcacharlotte.org/programs/childcare-education/drop-off-childcare/kids-night-out,1,1,35.49341004,-80.85987036
STRATFORD RICHARDSON YMCA,"1946 West Boulevard Charlotte, NC 28208",YMCA,,https://www.ymcacharlotte.org/programs/childcare-education/drop-off-childcare/kids-night-out,1,1,35.21345934,-80.89120494
ASHEVILLE YMCA,"40 N Merrimon Ave, Asheville, NC 28801-3021",YMCA,,https://ymcawnc.org/activity-finder?step=results&searchKeywords=parents,1,1,35.64111583,-82.57648199
CORPENING MEMORIAL YMCA,"348 Grace Corpening Drive Marion, NC 28752",YMCA,,https://ymcawnc.org/activity-finder?step=results&searchKeywords=parents,1,1,35.66814809,-82.02016647
BLACK MOUNTAIN YMCA,"25 Jane Jacobs Rd Black Mountain, NC 28711",YMCA,,https://ymcawnc.org/activity-finder?step=results&searchKeywords=parents,1,1,35.60143559,-82.31751142
FERGUSON FAMILY YMCA,"31 Westridge Marketplace Candler, NC 28715",YMCA,,https://ymcawnc.org/activity-finder?step=results&searchKeywords=parents,1,1,35.54687143,-82.65940976
HENDERSONVILLE FAMILY YMCA,"810 6th Ave W Hendersonville, NC 28739",YMCA,,https://ymcawnc.org/activity-finder?step=results&searchKeywords=parents,1,1,35.31875286,-82.47109195
REUTER FAMILY BRANCH YMCA,"3 Town Square Boulevard Asheville, NC 28803",YMCA,,https://ymcawnc.org/activity-finder?step=results&searchKeywords=parents,1,1,35.48631968,-82.55370379
NIR FAMILY YMCA,"2710 Market St Wilmington, NC 28403",YMCA,,https://www.ymcasenc.org/youth-and-family/parents-morning-out/,1,1,34.23900211,-77.91177542
MIDTOWN YMCA,"709 George Anderson Dr Wilmington, NC 28412",YMCA,,https://www.ymcasenc.org/youth-and-family/parents-morning-out/,1,1,34.17791047,-77.91225104
A.E. FINLEY YMCA,"9216 Baileywick Road Raleigh, NC 27615",YMCA,,https://www.ymcatriangle.org/events/parents-night-out-finley-y,1,1,35.90738882,-78.6586107
JOHN M. ALEXANDER FAMILY YMCA,"1603 Hillsborough Street Raleigh, NC 27605",YMCA,,https://www.ymcatriangle.org/events/parents-night-out-alexander-y,1,1,35.78447354,-78.65866302
NORTHWEST CARY YMCA,"6903 Carpenter Fire Station Road Cary, NC 27519",YMCA,,https://www.ymcatriangle.org/events/northwest-cary-ymca-parents-night-out,1,1,35.82399093,-78.87778385
POOLE FAMILY YMCA,"2110 Avesboro Road Garner, NC 27529",YMCA,,https://www.ymcatriangle.org/events/poole-family-y-parents-night-out,1,1,35.68380098,-78.61900595
KRAFT FAMILY YMCA,"8921 Holly Springs Road Apex, NC 27539",YMCA,,https://www.ymcatriangle.org/events/kraft-family-y-parents-night-out,1,1,35.69136531,-78.77720512
EAST TRIANGLE YMCA,"120 Flowers Pkwy Clayton, NC 27527",YMCA,,https://www.ymcatriangle.org/events/parents-night-out-east-triangle-ymca?fbclid=IwY2xjawJBEiFleHRuA2FlbQIxMAABHdika3Nrr98alW0P7kN7O6acQsv_D_jYvUTbHHNeHhNSerUp83ES0XYCbA_aem_rneqLkPvBi0cwljuyKpRHg,1,1,35.654771,-78.351485
MARY PERRY RAGSDALE FAMILY YMCA,"900 Bonner Dr Jamestown, NC 27282",YMCA,,https://www.ymcagreensboro.org/locations/mary-perry-ragsdale-family-ymca,1,1,35.99958,-79.911249
JERRY LONG FAMILY YMCA,"1150 South Peace Haven Rd Clemmons, NC 27012",YMCA,,https://ymcanwnc.org/locations/jerry-long-family-ymca,1,1,36.03909345,-80.39271732
CARL AND LINDA GRUBB FAMILY YMCA,"609 Trindale Rd Trinity, NC 27370",YMCA,,https://www.ncymcas.org/locations?type=branches&amenities,1,1,35.90566142,-79.98405588
HARTLEY DRIVE FAMILY YMCA,"150 W. Hartley Dr. High Point, NC 27262",YMCA,,https://www.ncymcas.org/locations?type=branches&amenities,1,1,35.99238283,-80.03083764